{
  "world_name": "oil_palm_corridor",
  "scenario": "A",
  "area_size_m": 50.0,
  "trunk_radius": 0.25,
  "corridor_center_y": 24.0,
  "goal_xy": [
    48.0,
    24.0
  ],
  "tree_xy": [
    [
      6.097491264343262,
      0.00246030674315989
    ],
    [
      11.049215316772461,
      0.00246030674315989
    ],
    [
      14.76803207397461,
      0.00246030674315989
    ],
    [
      19.35869026184082,
      0.00246030674315989
    ],
    [
      22.875396728515625,
      0.00246030674315989
    ],
    [
      28.495683670043945,
      0.00246030674315989
    ],
    [
      36.67611312866211,
      0.00246030674315989
    ],
    [
      41.19169998168945,
      0.00246030674315989
    ],
    [
      45.45075225830078,
      0.00246030674315989
    ],
    [
      6.21377420425415,
      8.979683876037598
    ],
    [
      11.924602508544922,
      8.979683876037598
    ],
    [
      15.563666343688965,
      8.979683876037598
    ],
    [
      21.005163192749023,
      8.979683876037598
    ],
    [
      27.895769119262695,
      8.979683876037598
    ],
    [
      30.707340240478516,
      8.979683876037598
    ],
    [
      35.292110443115234,
      8.979683876037598
    ],
    [
      36.989662170410156,
      8.979683876037598
    ],
    [
      39.910587310791016,
      8.979683876037598
    ],
    [
      5.029817581176758,
      12.316530227661133
    ],
    [
      7.994924545288086,
      12.316530227661133
    ],
    [
      14.037453651428223,
      12.316530227661133
    ],
    [
      19.850955963134766,
      12.316530227661133
    ],
    [
      24.977094650268555,
      12.316530227661133
    ],
    [
      25.977094650268555,
      12.316530227661133
    ],
    [
      30.399707794189453,
      12.316530227661133
    ],
    [
      35.80270767211914,
      12.316530227661133
    ],
    [
      41.52932357788086,
      12.316530227661133
    ],
    [
      4.544493675231934,
      20.939727783203125
    ],
    [
      8.087455749511719,
      20.939727783203125
    ],
    [
      11.969780921936035,
      20.939727783203125
    ],
    [
      19.591577529907227,
      20.939727783203125
    ],
    [
      23.47650909423828,
      20.939727783203125
    ],
    [
      28.91146469116211,
      20.939727783203125
    ],
    [
      36.18024444580078,
      20.939727783203125
    ],
    [
      40.51304244995117,
      20.939727783203125
    ],
    [
      45.78963851928711,
      20.939727783203125
    ],
    [
      5.6275634765625,
      32.22092819213867
    ],
    [
      8.677452087402344,
      32.22092819213867
    ],
    [
      14.329731941223145,
      32.22092819213867
    ],
    [
      22.547378540039062,
      32.22092819213867
    ],
    [
      24.95309066772461,
      32.22092819213867
    ],
    [
      32.17185592651367,
      32.22092819213867
    ],
    [
      37.91056442260742,
      32.22092819213867
    ],
    [
      42.127620697021484,
      32.22092819213867
    ],
    [
      51.628456115722656,
      32.22092819213867
    ],
    [
      3.1014223098754883,
      41.52452087402344
    ],
    [
      8.750454902648926,
      41.52452087402344
    ],
    [
      15.403833389282227,
      41.52452087402344
    ],
    [
      20.526269912719727,
      41.52452087402344
    ],
    [
      27.39208984375,
      41.52452087402344
    ],
    [
      32.759056091308594,
      41.52452087402344
    ],
    [
      39.59355163574219,
      41.52452087402344
    ],
    [
      47.97059631347656,
      41.52452087402344
    ],
    [
      52.11927032470703,
      41.52452087402344
    ]
  ]
}