{
  "world_name": "oil_palm_corridor",
  "scenario": "A",
  "area_size_m": 50.0,
  "trunk_radius": 0.25,
  "corridor_center_y": 24.0,
  "goal_xy": [
    48.0,
    24.0
  ],
  "tree_xy": [
    [
      5.935201168060303,
      1.1065211296081543
    ],
    [
      11.319221496582031,
      1.1065211296081543
    ],
    [
      12.319221496582031,
      1.1065211296081543
    ],
    [
      18.682209014892578,
      -1.1286530494689941
    ],
    [
      19.929649353027344,
      -2.168186664581299
    ],
    [
      27.249492645263672,
      -2.643986225128174
    ],
    [
      33.961421966552734,
      4.067943096160889
    ],
    [
      41.12153625488281,
      5.1719069480896
    ],
    [
      48.27693176269531,
      1.1065211296081543
    ],
    [
      4.429996967315674,
      8.597028732299805
    ],
    [
      9.315872192382812,
      8.597028732299805
    ],
    [
      17.83201789855957,
      7.070346832275391
    ],
    [
      22.167558670043945,
      3.5970287322998047
    ],
    [
      27.21131134033203,
      4.808340072631836
    ],
    [
      31.26228141784668,
      8.859310150146484
    ],
    [
      35.727783203125,
      13.324811935424805
    ],
    [
      40.61466598510742,
      13.084806442260742
    ],
    [
      46.627769470214844,
      8.597028732299805
    ],
    [
      4.79058313369751,
      15.412287712097168
    ],
    [
      9.056952476501465,
      15.412287712097168
    ],
    [
      14.736122131347656,
      15.412287712097168
    ],
    [
      17.54779052734375,
      14.122462272644043
    ],
    [
      23.152158737182617,
      10.412287712097168
    ],
    [
      31.2722110748291,
      15.68449878692627
    ],
    [
      35.23838424682617,
      19.650672912597656
    ],
    [
      40.64760208129883,
      19.87261962890625
    ],
    [
      51.782020568847656,
      15.412287712097168
    ],
    [
      2.2577168941497803,
      22.014650344848633
    ],
    [
      6.9040985107421875,
      22.014650344848633
    ],
    [
      16.017974853515625,
      21.999671936035156
    ],
    [
      25.588205337524414,
      17.014650344848633
    ],
    [
      28.656230926513672,
      19.670881271362305
    ],
    [
      35.296512603759766,
      26.3111629486084
    ],
    [
      40.8055534362793,
      26.343355178833008
    ],
    [
      45.128814697265625,
      22.740638732910156
    ],
    [
      46.73741912841797,
      22.014650344848633
    ],
    [
      3.778923273086548,
      34.04916763305664
    ],
    [
      9.876938819885254,
      34.04916763305664
    ],
    [
      15.540726661682129,
      34.04916763305664
    ],
    [
      24.781089782714844,
      29.04916763305664
    ],
    [
      32.633079528808594,
      35.682247161865234
    ],
    [
      35.82240676879883,
      38.87157440185547
    ],
    [
      40.79761505126953,
      38.384490966796875
    ],
    [
      48.37131118774414,
      34.04916763305664
    ],
    [
      51.20528030395508,
      34.04916763305664
    ],
    [
      5.955151557922363,
      39.215423583984375
    ],
    [
      8.223499298095703,
      39.215423583984375
    ],
    [
      11.252582550048828,
      39.215423583984375
    ],
    [
      13.344429016113281,
      39.215423583984375
    ],
    [
      19.418380737304688,
      36.36677551269531
    ],
    [
      23.795351028442383,
      34.215423583984375
    ],
    [
      31.15264892578125,
      39.368072509765625
    ],
    [
      36.8802375793457,
      44.215423583984375
    ],
    [
      43.52427291870117,
      41.27853012084961
    ]
  ]
}